{
  "model_path": "C:\\Users\\donar\\sunone_aimbot_2\\training\\models\\pid_governor.pt",
  "dataset": "C:\\Users\\donar\\sunone_aimbot_2\\training\\data\\pid_governor_dataset.csv",
  "samples": 31360,
  "feature_columns": [
    "error_x_px",
    "error_y_px",
    "error_distance_px",
    "error_direction_right",
    "error_direction_down_right",
    "error_direction_down",
    "error_direction_down_left",
    "error_direction_left",
    "error_direction_up_left",
    "error_direction_up",
    "error_direction_up_right",
    "target_width_px",
    "target_height_px",
    "target_size_px",
    "target_speed_x_px_s",
    "target_speed_y_px_s",
    "target_accel_x_px_s2",
    "target_accel_y_px_s2",
    "target_motion_still",
    "target_motion_moving",
    "cursor_speed_x_px_s",
    "cursor_speed_y_px_s",
    "previous_output_x_px",
    "previous_output_y_px",
    "pid_p_x",
    "pid_p_y",
    "pid_i_x",
    "pid_i_y",
    "pid_d_x",
    "pid_d_y",
    "closing_rate_px_s",
    "overshoot_risk",
    "dt_s",
    "confidence",
    "max_speed_ratio"
  ],
  "label_columns": [
    "label_kp_scale",
    "label_ki_scale",
    "label_kd_scale",
    "label_speed_scale"
  ],
  "hidden": 64,
  "feature_mean": [
    -0.7810477018356323,
    2.5596325397491455,
    34.46233367919922,
    0.10156027227640152,
    0.10674400627613068,
    0.15901654958724976,
    0.14211876690387726,
    0.1352439671754837,
    0.11213891208171844,
    0.1197686418890953,
    0.12340885400772095,
    31.792600631713867,
    31.523029327392578,
    31.384817123413086,
    9.032045364379883,
    -7.2502241134643555,
    -1.1555043458938599,
    -1.5082740783691406,
    0.3424399495124817,
    0.6575599908828735,
    -3.9386181831359863,
    16.56477165222168,
    -0.0038035803008824587,
    0.016473425552248955,
    -0.006638901308178902,
    0.02175687812268734,
    -2.2220136088435538e-05,
    6.472269160440192e-05,
    0.001191477058455348,
    -0.0021132552064955235,
    221.54623413085938,
    0.05602678284049034,
    0.001000299584120512,
    0.9493700861930847,
    5.0
  ],
  "feature_std": [
    33.42544937133789,
    35.26894760131836,
    34.36030960083008,
    0.2467581182718277,
    0.2402247041463852,
    0.28188931941986084,
    0.26933786273002625,
    0.27759256958961487,
    0.2517050802707672,
    0.2584594786167145,
    0.2612729072570801,
    25.06062889099121,
    24.857778549194336,
    24.266939163208008,
    112.3464126586914,
    110.92642974853516,
    178.93295288085938,
    180.30078125,
    0.469128280878067,
    0.469128280878067,
    251.6739959716797,
    263.5166320800781,
    0.25063595175743103,
    0.262516587972641,
    0.28411629796028137,
    0.2997860610485077,
    0.0008745007216930389,
    0.0009223713423125446,
    0.02426135167479515,
    0.024254104122519493,
    812.977294921875,
    0.1992412805557251,
    5.758932456956245e-05,
    0.15101194381713867,
    9.999999974752427e-07
  ],
  "final_validation_mse": 0.006727978587150574,
  "final_validation_mae": 0.057137392461299896
}